id;name;description;created_on;modified_on;modified_by
1;Compatible Gloves;../fake-data/blob/hipster.txt;2020-03-05;2020-03-05;Tasty turquoise
2;sky blue;../fake-data/blob/hipster.txt;2020-03-05;2020-03-05;Direct
3;black Central Syrian Arab Republic;../fake-data/blob/hipster.txt;2020-03-04;2020-03-04;index extend Optimization
4;Refined Data bandwidth;../fake-data/blob/hipster.txt;2020-03-04;2020-03-04;Branding Bike Future
5;holistic archive;../fake-data/blob/hipster.txt;2020-03-05;2020-03-05;Ohio Sleek SCSI
6;Lead Beauty;../fake-data/blob/hipster.txt;2020-03-04;2020-03-05;Car blue Granite
7;Supervisor strategic Cook Islands;../fake-data/blob/hipster.txt;2020-03-05;2020-03-05;Monitored viral Generic
8;best-of-breed Grocery;../fake-data/blob/hipster.txt;2020-03-05;2020-03-04;PNG
9;Supervisor Investment Account;../fake-data/blob/hipster.txt;2020-03-05;2020-03-05;Sleek granular haptic
10;invoice;../fake-data/blob/hipster.txt;2020-03-04;2020-03-04;Credit Card Account navigate Branding
