id;created_on;modified_on;modified_by
1;2020-03-04;2020-03-04;Buckinghamshire
2;2020-03-04;2020-03-05;Station architectures COM
3;2020-03-04;2020-03-05;deposit back-end Money Market Account
4;2020-03-05;2020-03-05;Assistant Chicken
5;2020-03-05;2020-03-04;Engineer ROI
6;2020-03-05;2020-03-05;Cotton Security back up
7;2020-03-05;2020-03-05;Moroccan Dirham Planner Versatile
8;2020-03-05;2020-03-04;envisioneer Cambridgeshire communities
9;2020-03-04;2020-03-05;Parkways Bedfordshire Branding
10;2020-03-05;2020-03-05;calculate Division Open-source
