id;name;short_name;created_on;modified_on;modified_by
1;grey Concrete;Applications Cheese digital;2020-03-05;2020-03-04;microchip Personal Loan Account
2;invoice teal invoice;index Maryland Planner;2020-03-05;2020-03-04;Facilitator
3;programming deposit Riel;Chair high-level;2020-03-05;2020-03-05;Tools Frozen
4;Shoes Adaptive;New Hampshire cyan;2020-03-04;2020-03-04;index Streamlined
5;compressing;Ameliorated Avon;2020-03-04;2020-03-05;invoice Pizza IB
6;online COM;AGP Personal Loan Account;2020-03-05;2020-03-05;virtual Quetzal Unbranded
7;programming;Borders;2020-03-04;2020-03-05;Implementation Soft
8;Managed;quantifying;2020-03-04;2020-03-04;Rubber Agent
9;wireless;Investment Account Rustic;2020-03-04;2020-03-04;Centralized Integration solutions
10;enable Roads;Tools;2020-03-05;2020-03-05;haptic dynamic Home Loan Account
