id;program_id;name;created_on;modified_on;modified_by
1;34904;Somalia Steel Frozen;2020-03-04;2020-03-05;Data Germany Facilitator
2;71977;content-based white;2020-03-05;2020-03-05;Sleek Cotton Pants Cambridgeshire ubiquitous
3;71019;benchmark;2020-03-05;2020-03-05;Kids communities
4;81782;Generic Wooden Keyboard;2020-03-04;2020-03-05;Bedfordshire French Southern Territories Frozen
5;14741;TCP;2020-03-04;2020-03-05;Awesome interface executive
6;48501;FTP;2020-03-04;2020-03-05;Iowa feed
7;93797;Solutions;2020-03-05;2020-03-05;Tools
8;30161;Iraqi Dinar programming;2020-03-05;2020-03-05;hard drive
9;24673;Cambridgeshire Sleek Plastic Mouse;2020-03-05;2020-03-05;Accounts
10;69641;Rhode Island pricing structure;2020-03-04;2020-03-04;mobile
